Employment Region,State/Territory,Industry,Employment by Industry - Total,Employed Full-Time,Employed Part-Time,Employed - Male,Employed - Female,Five year growth by Industry,Employment Distribution (%)
Capital Region,NSW/ACT,"Agriculture, Forestry and Fishing","7,200","5,100","2,100","5,800","1,300","-4,300",2.2
Capital Region,NSW/ACT,Mining,800,800,0,500,300,300,0.2
Capital Region,NSW/ACT,Manufacturing,"9,500","7,900","1,600","7,500","2,000","-1,800",3.0
Capital Region,NSW/ACT,"Electricity, Gas, Water and Waste Services","2,500","2,500",0,"2,200",300,-400,0.8
Capital Region,NSW/ACT,Construction,"24,400","21,900","2,500","22,600","1,800",-500,7.6
Capital Region,NSW/ACT,Wholesale Trade,"4,000","3,000","1,000","2,800","1,200","-1,200",1.2
Capital Region,NSW/ACT,Retail Trade,"24,700","12,000","12,700","10,800","14,000","1,100",7.7
Capital Region,NSW/ACT,Accommodation and Food Services,"22,500","8,000","14,600","11,200","11,400","1,900",7.0
Capital Region,NSW/ACT,"Transport, Postal and Warehousing","11,800","9,100","2,700","9,800","1,900","1,900",3.7
Capital Region,NSW/ACT,Information Media and Telecommunications,"3,800","3,000",800,"2,100","1,700","-2,700",1.2
Capital Region,NSW/ACT,Financial and Insurance Services,"5,900","4,300","1,600","3,200","2,700","1,100",1.8
Capital Region,NSW/ACT,"Rental, Hiring and Real Estate Services","4,600","3,500","1,100","2,100","2,500",100,1.4
Capital Region,NSW/ACT,"Professional, Scientific and Technical Services","33,500","27,500","6,000","20,900","12,600","7,500",10.5
Capital Region,NSW/ACT,Administrative and Support Services,"9,100","5,100","4,000","4,800","4,300","-1,300",2.8
Capital Region,NSW/ACT,Public Administration and Safety,"77,200","66,500","10,600","34,400","42,800","-4,100",24.1
Capital Region,NSW/ACT,Education and Training,"23,600","14,400","9,200","7,300","16,300","-1,300",7.4
Capital Region,NSW/ACT,Health Care and Social Assistance,"36,400","19,800","16,600","8,200","28,300","5,400",11.4
Capital Region,NSW/ACT,Arts and Recreation Services,"8,000","4,700","3,300","4,500","3,500",900,2.5
Capital Region,NSW/ACT,Other Services,"10,700","6,900","3,800","5,400","5,300","-1,200",3.3
Central West,NSW,"Agriculture, Forestry and Fishing","11,700","8,900","2,800","8,400","3,300","6,200",11.1
Central West,NSW,Mining,"8,200","8,000",100,"7,900",300,"1,400",7.8
Central West,NSW,Manufacturing,"5,200","4,200","1,000","4,500",700,"-1,100",4.9
Central West,NSW,"Electricity, Gas, Water and Waste Services","2,600","2,500",100,"2,600",0,"1,700",2.5
Central West,NSW,Construction,"7,800","6,900",900,"6,900",900,200,7.4
Central West,NSW,Wholesale Trade,"2,900","2,800",100,"2,500",500,-400,2.7
Central West,NSW,Retail Trade,"9,900","5,300","4,600","4,200","5,700",-300,9.4
Central West,NSW,Accommodation and Food Services,"5,600",700,"4,900","1,500","4,100",0,5.3
Central West,NSW,"Transport, Postal and Warehousing","3,800","2,800","1,000","3,500",300,-800,3.6
Central West,NSW,Information Media and Telecommunications,400,400,0,0,400,-200,0.4
Central West,NSW,Financial and Insurance Services,"2,400","1,600",800,800,"1,700","1,800",2.3
Central West,NSW,"Rental, Hiring and Real Estate Services",500,500,0,300,100,-200,0.5
Central West,NSW,"Professional, Scientific and Technical Services","4,300","3,200","1,200","1,700","2,600","1,400",4.1
Central West,NSW,Administrative and Support Services,"1,300",500,900,700,600,-400,1.2
Central West,NSW,Public Administration and Safety,"7,900","6,100","1,800","4,800","3,100","2,000",7.5
Central West,NSW,Education and Training,"8,200","3,800","4,400","1,000","7,200",-200,7.8
Central West,NSW,Health Care and Social Assistance,"15,800","8,600","7,200","3,300","12,500","3,600",15.0
Central West,NSW,Arts and Recreation Services,"1,800","1,100",700,300,"1,500",0,1.7
Central West,NSW,Other Services,"5,300","3,500","1,700","2,800","2,400",-500,5.0
Far West Orana,NSW,"Agriculture, Forestry and Fishing","10,500","9,400","1,100","7,500","2,900","3,800",18.0
Far West Orana,NSW,Mining,"1,300","1,300",0,"1,300",0,-600,2.2
Far West Orana,NSW,Manufacturing,"2,600","2,300",400,"2,500",200,100,4.5
Far West Orana,NSW,"Electricity, Gas, Water and Waste Services",400,0,400,400,0,-300,0.7
Far West Orana,NSW,Construction,"4,500","3,800",700,"4,000",500,"1,800",7.7
Far West Orana,NSW,Wholesale Trade,"1,700","1,700",0,"1,300",400,400,2.9
Far West Orana,NSW,Retail Trade,"6,900","4,900","2,000","4,500","2,400","-1,100",11.8
Far West Orana,NSW,Accommodation and Food Services,"5,000","1,000","4,000","1,100","4,000",300,8.6
Far West Orana,NSW,"Transport, Postal and Warehousing",500,200,400,500,0,-700,0.9
Far West Orana,NSW,Information Media and Telecommunications,0,0,0,0,0,-500,0.0
Far West Orana,NSW,Financial and Insurance Services,"1,300","1,100",200,200,"1,100",700,2.2
Far West Orana,NSW,"Rental, Hiring and Real Estate Services",0,0,0,0,0,-800,0.0
Far West Orana,NSW,"Professional, Scientific and Technical Services",600,400,200,600,0,-700,1.0
Far West Orana,NSW,Administrative and Support Services,"2,300","1,200","1,100",600,"1,700",400,3.9
Far West Orana,NSW,Public Administration and Safety,"3,600","2,100","1,500","1,100","2,500","-1,900",6.2
Far West Orana,NSW,Education and Training,"6,100","4,700","1,400","1,900","4,200",900,10.4
Far West Orana,NSW,Health Care and Social Assistance,"7,700","5,100","2,600","1,400","6,300",400,13.2
Far West Orana,NSW,Arts and Recreation Services,600,200,400,400,100,300,1.0
Far West Orana,NSW,Other Services,"2,800","2,000",700,"2,200",500,"1,200",4.8
Hunter,NSW,"Agriculture, Forestry and Fishing","7,200","5,700","1,500","5,600","1,600","3,500",2.3
Hunter,NSW,Mining,"17,200","16,000","1,200","14,600","2,600","2,200",5.4
Hunter,NSW,Manufacturing,"20,900","17,900","3,000","16,100","4,800","-10,000",6.6
Hunter,NSW,"Electricity, Gas, Water and Waste Services","4,700","3,500","1,200","3,300","1,400",-500,1.5
Hunter,NSW,Construction,"30,100","23,500","6,600","25,900","4,200","5,600",9.5
Hunter,NSW,Wholesale Trade,"7,100","4,800","2,300","4,700","2,400",-100,2.2
Hunter,NSW,Retail Trade,"30,700","12,200","18,600","12,100","18,700","-1,500",9.7
Hunter,NSW,Accommodation and Food Services,"28,000","7,100","20,900","13,100","14,900","3,000",8.9
Hunter,NSW,"Transport, Postal and Warehousing","13,500","9,200","4,300","10,400","3,100",300,4.3
Hunter,NSW,Information Media and Telecommunications,"2,800","2,300",400,"1,800","1,000",-200,0.9
Hunter,NSW,Financial and Insurance Services,"9,800","7,000","2,800","3,400","6,400","2,100",3.1
Hunter,NSW,"Rental, Hiring and Real Estate Services","4,000","2,300","1,700","1,100","3,000",-700,1.3
Hunter,NSW,"Professional, Scientific and Technical Services","18,000","11,800","6,200","10,900","7,100","-1,400",5.7
Hunter,NSW,Administrative and Support Services,"12,200","6,200","6,000","6,200","6,000","2,500",3.9
Hunter,NSW,Public Administration and Safety,"17,400","12,300","5,100","8,200","9,300",100,5.5
Hunter,NSW,Education and Training,"26,700","15,800","10,900","6,100","20,600","8,900",8.4
Hunter,NSW,Health Care and Social Assistance,"45,600","23,700","21,800","11,400","34,200","11,200",14.4
Hunter,NSW,Arts and Recreation Services,"6,800","3,600","3,100","4,400","2,400","3,900",2.1
Hunter,NSW,Other Services,"13,600","7,700","5,900","8,100","5,500","-3,300",4.3
Illawarra South Coast,NSW,"Agriculture, Forestry and Fishing",400,200,200,200,200,"-1,500",0.2
Illawarra South Coast,NSW,Mining,"2,900","2,900",0,"2,900",0,"-2,200",1.5
Illawarra South Coast,NSW,Manufacturing,"13,000","9,800","3,200","9,800","3,200","-5,100",6.5
Illawarra South Coast,NSW,"Electricity, Gas, Water and Waste Services","1,800","1,400",400,"1,400",400,"-1,100",0.9
Illawarra South Coast,NSW,Construction,"22,700","19,600","3,100","19,800","2,900","5,800",11.4
Illawarra South Coast,NSW,Wholesale Trade,"3,100","2,300",800,"1,900","1,200",-700,1.6
Illawarra South Coast,NSW,Retail Trade,"23,300","9,900","13,400","9,300","14,000","3,100",11.7
Illawarra South Coast,NSW,Accommodation and Food Services,"16,800","5,700","11,100","5,800","11,000","1,800",8.4
Illawarra South Coast,NSW,"Transport, Postal and Warehousing","10,500","8,100","2,400","8,100","2,400","2,900",5.3
Illawarra South Coast,NSW,Information Media and Telecommunications,"2,900","2,100",800,"1,800","1,100","1,500",1.5
Illawarra South Coast,NSW,Financial and Insurance Services,"5,400","4,000","1,400","1,900","3,500","-2,300",2.7
Illawarra South Coast,NSW,"Rental, Hiring and Real Estate Services","3,500","1,700","1,800","1,700","1,800",500,1.8
Illawarra South Coast,NSW,"Professional, Scientific and Technical Services","10,700","7,300","3,400","7,400","3,300","1,300",5.4
Illawarra South Coast,NSW,Administrative and Support Services,"7,600","5,000","2,600","5,200","2,400","2,300",3.8
Illawarra South Coast,NSW,Public Administration and Safety,"10,900","8,500","2,400","6,000","4,800","-2,100",5.5
Illawarra South Coast,NSW,Education and Training,"23,000","13,900","9,100","7,400","15,600","8,500",11.5
Illawarra South Coast,NSW,Health Care and Social Assistance,"32,600","16,600","16,000","7,900","24,700","10,100",16.3
Illawarra South Coast,NSW,Arts and Recreation Services,"2,700","1,500","1,200","1,800",900,-600,1.4
Illawarra South Coast,NSW,Other Services,"5,800","4,100","1,600","3,300","2,500","-4,400",2.9
Mid North Coast,NSW,"Agriculture, Forestry and Fishing","9,500","7,000","2,500","6,700","2,800","3,500",6.2
Mid North Coast,NSW,Mining,400,400,0,400,0,-800,0.3
Mid North Coast,NSW,Manufacturing,"6,600","5,100","1,500","5,000","1,600","-1,800",4.3
Mid North Coast,NSW,"Electricity, Gas, Water and Waste Services","2,800","2,700",100,"1,800","1,000",400,1.8
Mid North Coast,NSW,Construction,"16,100","12,300","3,800","15,200",900,"3,100",10.6
Mid North Coast,NSW,Wholesale Trade,"3,300","3,000",300,"2,600",700,-700,2.2
Mid North Coast,NSW,Retail Trade,"21,500","9,400","12,200","9,400","12,200","3,300",14.1
Mid North Coast,NSW,Accommodation and Food Services,"14,000","3,800","10,200","5,900","8,100","6,000",9.2
Mid North Coast,NSW,"Transport, Postal and Warehousing","4,000","2,900","1,100","3,500",600,"-1,300",2.6
Mid North Coast,NSW,Information Media and Telecommunications,700,500,200,500,200,100,0.5
Mid North Coast,NSW,Financial and Insurance Services,"1,700","1,000",700,800,900,-300,1.1
Mid North Coast,NSW,"Rental, Hiring and Real Estate Services","1,900","1,000",800,800,"1,000","-1,400",1.2
Mid North Coast,NSW,"Professional, Scientific and Technical Services","8,500","4,600","3,900","3,500","4,900","2,300",5.6
Mid North Coast,NSW,Administrative and Support Services,"4,600","2,000","2,600","2,100","2,600","2,000",3.0
Mid North Coast,NSW,Public Administration and Safety,"11,300","8,000","3,300","5,600","5,700","1,400",7.4
Mid North Coast,NSW,Education and Training,"13,100","8,500","4,600","4,300","8,800","4,900",8.6
Mid North Coast,NSW,Health Care and Social Assistance,"24,600","12,200","12,400","4,800","19,700","7,100",16.1
Mid North Coast,NSW,Arts and Recreation Services,"1,400",700,700,400,"1,000",-500,0.9
Mid North Coast,NSW,Other Services,"6,500","4,800","1,700","4,000","2,500","1,500",4.3
New England and North West,NSW,"Agriculture, Forestry and Fishing","7,600","6,400","1,200","6,100","1,500","-5,300",9.2
New England and North West,NSW,Mining,700,700,0,700,0,"-2,400",0.8
New England and North West,NSW,Manufacturing,"6,400","5,500",900,"4,800","1,600","1,600",7.7
New England and North West,NSW,"Electricity, Gas, Water and Waste Services","1,700","1,500",200,"1,600",100,900,2.1
New England and North West,NSW,Construction,"5,900","4,300","1,500","5,100",700,"-1,500",7.1
New England and North West,NSW,Wholesale Trade,"3,100","2,800",400,"2,500",600,100,3.7
New England and North West,NSW,Retail Trade,"5,000","2,000","2,900","1,200","3,800","-5,300",6.0
New England and North West,NSW,Accommodation and Food Services,"8,300","3,600","4,700","3,100","5,300","2,100",10.0
New England and North West,NSW,"Transport, Postal and Warehousing","4,800","4,100",800,"4,000",800,200,5.8
New England and North West,NSW,Information Media and Telecommunications,700,400,300,0,700,-100,0.8
New England and North West,NSW,Financial and Insurance Services,600,400,200,400,200,-200,0.7
New England and North West,NSW,"Rental, Hiring and Real Estate Services",300,300,0,300,0,"-1,100",0.4
New England and North West,NSW,"Professional, Scientific and Technical Services","2,300","1,300","1,000","1,200","1,100","-1,500",2.8
New England and North West,NSW,Administrative and Support Services,"1,000",300,700,400,500,-900,1.2
New England and North West,NSW,Public Administration and Safety,"6,700","6,000",600,"4,300","2,300","2,100",8.1
New England and North West,NSW,Education and Training,"8,300","6,600","1,700","2,300","6,100","3,600",10.0
New England and North West,NSW,Health Care and Social Assistance,"11,600","6,100","5,600","1,700","9,900","3,500",14.0
New England and North West,NSW,Arts and Recreation Services,"1,500",600,900,400,"1,100",400,1.8
New England and North West,NSW,Other Services,"6,400","4,400","2,000","3,600","2,800","4,100",7.7
Sydney East Metro,NSW,"Agriculture, Forestry and Fishing","1,400","1,100",300,900,500,-300,0.2
Sydney East Metro,NSW,Mining,800,800,0,800,0,-800,0.1
Sydney East Metro,NSW,Manufacturing,"44,600","37,500","7,000","29,300","15,300","-3,000",4.8
Sydney East Metro,NSW,"Electricity, Gas, Water and Waste Services","6,600","6,500",100,"5,400","1,200",-100,0.7
Sydney East Metro,NSW,Construction,"67,700","58,800","8,900","60,100","7,600","3,900",7.3
Sydney East Metro,NSW,Wholesale Trade,"30,600","24,600","6,100","20,700","9,900","-4,100",3.3
Sydney East Metro,NSW,Retail Trade,"83,000","43,200","39,700","37,100","45,900","2,900",8.9
Sydney East Metro,NSW,Accommodation and Food Services,"64,100","33,100","31,000","34,800","29,400","-4,900",6.9
Sydney East Metro,NSW,"Transport, Postal and Warehousing","51,400","40,700","10,700","40,800","10,600","-3,000",5.5
Sydney East Metro,NSW,Information Media and Telecommunications,"30,700","25,500","5,100","17,900","12,700",-400,3.3
Sydney East Metro,NSW,Financial and Insurance Services,"69,800","61,100","8,700","41,000","28,800","12,500",7.5
Sydney East Metro,NSW,"Rental, Hiring and Real Estate Services","21,400","18,300","3,100","11,500","10,000","3,900",2.3
Sydney East Metro,NSW,"Professional, Scientific and Technical Services","136,500","114,400","22,200","78,700","57,800","30,200",14.6
Sydney East Metro,NSW,Administrative and Support Services,"41,500","28,100","13,400","19,300","22,300","2,900",4.4
Sydney East Metro,NSW,Public Administration and Safety,"50,900","41,900","8,900","26,900","24,000","5,200",5.5
Sydney East Metro,NSW,Education and Training,"71,700","44,700","27,000","24,100","47,700","6,700",7.7
Sydney East Metro,NSW,Health Care and Social Assistance,"109,700","67,200","42,500","25,000","84,700","18,500",11.8
Sydney East Metro,NSW,Arts and Recreation Services,"20,500","11,800","8,700","9,700","10,800","5,000",2.2
Sydney East Metro,NSW,Other Services,"30,100","21,500","8,700","16,700","13,500",300,3.2
Sydney Greater West,NSW,"Agriculture, Forestry and Fishing","1,600","1,300",200,"1,200",300,"-1,500",0.3
Sydney Greater West,NSW,Mining,0,0,0,0,0,"-1,100",0.0
Sydney Greater West,NSW,Manufacturing,"59,400","51,000","8,400","42,300","17,100","6,800",10.9
Sydney Greater West,NSW,"Electricity, Gas, Water and Waste Services","3,700","3,600",200,"2,700","1,000","-1,700",0.7
Sydney Greater West,NSW,Construction,"58,000","48,600","9,300","49,900","8,100","16,800",10.7
Sydney Greater West,NSW,Wholesale Trade,"24,100","19,700","4,400","17,000","7,200",-500,4.4
Sydney Greater West,NSW,Retail Trade,"56,600","31,200","25,400","25,800","30,800","1,600",10.4
Sydney Greater West,NSW,Accommodation and Food Services,"27,100","11,000","16,100","13,500","13,600","-1,300",5.0
Sydney Greater West,NSW,"Transport, Postal and Warehousing","42,300","33,800","8,500","34,200","8,100","6,400",7.8
Sydney Greater West,NSW,Information Media and Telecommunications,"12,900","11,500","1,500","8,400","4,500","2,900",2.4
Sydney Greater West,NSW,Financial and Insurance Services,"27,700","24,400","3,300","13,700","14,100","1,200",5.1
Sydney Greater West,NSW,"Rental, Hiring and Real Estate Services","8,400","5,900","2,500","3,600","4,800","1,500",1.5
Sydney Greater West,NSW,"Professional, Scientific and Technical Services","41,400","34,200","7,200","24,900","16,500","11,400",7.6
Sydney Greater West,NSW,Administrative and Support Services,"20,000","11,500","8,500","8,300","11,600",400,3.7
Sydney Greater West,NSW,Public Administration and Safety,"33,600","28,700","4,900","17,300","16,300","4,200",6.2
Sydney Greater West,NSW,Education and Training,"39,200","24,300","14,900","12,100","27,100","9,100",7.2
Sydney Greater West,NSW,Health Care and Social Assistance,"57,000","36,800","20,200","12,200","44,800","-4,600",10.5
Sydney Greater West,NSW,Arts and Recreation Services,"7,500","2,400","5,100","4,500","3,100","1,300",1.4
Sydney Greater West,NSW,Other Services,"23,100","16,100","7,000","13,500","9,600","-3,200",4.2
Sydney North and West,NSW,"Agriculture, Forestry and Fishing","3,700","2,600","1,100","2,800",900,400,0.5
Sydney North and West,NSW,Mining,"5,100","4,700",400,"4,600",500,"2,600",0.7
Sydney North and West,NSW,Manufacturing,"46,500","37,000","9,500","31,000","15,500","4,400",6.0
Sydney North and West,NSW,"Electricity, Gas, Water and Waste Services","5,500","5,100",300,"4,100","1,400",-900,0.7
Sydney North and West,NSW,Construction,"65,000","53,500","11,500","55,400","9,600","9,100",8.4
Sydney North and West,NSW,Wholesale Trade,"28,300","20,900","7,300","16,400","11,900",-500,3.7
Sydney North and West,NSW,Retail Trade,"66,600","36,900","29,700","33,000","33,600","-8,500",8.6
Sydney North and West,NSW,Accommodation and Food Services,"50,000","22,300","27,700","23,600","26,400","6,000",6.5
Sydney North and West,NSW,"Transport, Postal and Warehousing","25,500","19,700","5,800","18,400","7,100","2,900",3.3
Sydney North and West,NSW,Information Media and Telecommunications,"21,100","17,000","4,100","12,700","8,400","-6,000",2.7
Sydney North and West,NSW,Financial and Insurance Services,"50,200","43,800","6,400","27,700","22,600","-6,200",6.5
Sydney North and West,NSW,"Rental, Hiring and Real Estate Services","19,200","15,200","4,000","11,400","7,800","4,800",2.5
Sydney North and West,NSW,"Professional, Scientific and Technical Services","110,300","85,000","25,300","67,000","43,300","19,400",14.2
Sydney North and West,NSW,Administrative and Support Services,"32,100","18,800","13,400","15,000","17,100","7,700",4.1
Sydney North and West,NSW,Public Administration and Safety,"36,400","29,200","7,100","19,100","17,200","3,100",4.7
Sydney North and West,NSW,Education and Training,"64,000","35,300","28,700","19,600","44,300","6,300",8.3
Sydney North and West,NSW,Health Care and Social Assistance,"105,500","60,400","45,100","27,000","78,500","24,500",13.6
Sydney North and West,NSW,Arts and Recreation Services,"12,100","6,100","6,000","7,300","4,800","-1,900",1.6
Sydney North and West,NSW,Other Services,"27,100","16,400","10,800","12,600","14,600","6,000",3.5
Sydney South West,NSW,"Agriculture, Forestry and Fishing","3,300","2,600",700,"2,500",800,900,1.1
Sydney South West,NSW,Mining,"1,000","1,000",0,"1,000",0,-100,0.3
Sydney South West,NSW,Manufacturing,"36,000","32,100","3,800","25,200","10,800","1,400",12.0
Sydney South West,NSW,"Electricity, Gas, Water and Waste Services","3,400","3,100",300,"2,400","1,000",700,1.1
Sydney South West,NSW,Construction,"36,500","30,000","6,500","31,700","4,700","8,800",12.2
Sydney South West,NSW,Wholesale Trade,"13,600","11,200","2,400","8,800","4,900","-1,700",4.5
Sydney South West,NSW,Retail Trade,"29,400","14,700","14,700","11,500","17,900",500,9.8
Sydney South West,NSW,Accommodation and Food Services,"17,100","6,600","10,500","6,700","10,400","-1,700",5.7
Sydney South West,NSW,"Transport, Postal and Warehousing","29,400","24,600","4,900","21,400","8,100","6,900",9.8
Sydney South West,NSW,Information Media and Telecommunications,"4,600","3,900",700,"3,100","1,500","1,500",1.5
Sydney South West,NSW,Financial and Insurance Services,"13,100","11,600","1,500","6,300","6,800","1,100",4.4
Sydney South West,NSW,"Rental, Hiring and Real Estate Services","4,200","3,300",900,"2,000","2,200",700,1.4
Sydney South West,NSW,"Professional, Scientific and Technical Services","16,300","13,800","2,500","9,500","6,900","2,000",5.4
Sydney South West,NSW,Administrative and Support Services,"9,800","6,900","3,000","4,500","5,300","1,600",3.3
Sydney South West,NSW,Public Administration and Safety,"15,300","11,700","3,600","8,600","6,700","-1,800",5.1
Sydney South West,NSW,Education and Training,"21,200","14,200","7,100","4,900","16,300","5,300",7.1
Sydney South West,NSW,Health Care and Social Assistance,"29,500","18,500","11,000","6,700","22,900","1,300",9.8
Sydney South West,NSW,Arts and Recreation Services,"3,400","1,300","2,100","2,000","1,400",-500,1.1
Sydney South West,NSW,Other Services,"12,500","8,300","4,200","6,900","5,500","-2,300",4.2
Ballarat,VIC,"Agriculture, Forestry and Fishing","8,800","6,200","2,600","6,300","2,500","6,100",11.3
Ballarat,VIC,Mining,400,400,0,400,0,300,0.5
Ballarat,VIC,Manufacturing,"7,100","6,500",600,"5,900","1,200","-1,700",9.1
Ballarat,VIC,"Electricity, Gas, Water and Waste Services",300,200,100,300,0,-700,0.4
Ballarat,VIC,Construction,"6,100","5,200",900,"5,600",500,"-1,300",7.8
Ballarat,VIC,Wholesale Trade,"1,800","1,100",700,"1,100",700,100,2.3
Ballarat,VIC,Retail Trade,"6,900","3,100","3,800","3,300","3,600","-2,000",8.9
Ballarat,VIC,Accommodation and Food Services,"7,000","1,700","5,300","2,500","4,600","2,100",9.0
Ballarat,VIC,"Transport, Postal and Warehousing","2,000","1,700",300,"1,300",700,"-1,400",2.6
Ballarat,VIC,Information Media and Telecommunications,800,800,0,700,100,0,1.0
Ballarat,VIC,Financial and Insurance Services,"1,500","1,000",500,500,"1,000",600,1.9
Ballarat,VIC,"Rental, Hiring and Real Estate Services","1,600","1,100",400,"1,000",600,"1,400",2.1
Ballarat,VIC,"Professional, Scientific and Technical Services","4,500","3,500","1,100","2,600","2,000","1,400",5.8
Ballarat,VIC,Administrative and Support Services,"2,500",800,"1,700","1,400","1,100",0,3.2
Ballarat,VIC,Public Administration and Safety,"4,500","3,000","1,500","1,800","2,700","1,100",5.8
Ballarat,VIC,Education and Training,"5,700","3,500","2,200","1,200","4,500",500,7.3
Ballarat,VIC,Health Care and Social Assistance,"13,000","5,900","7,200","3,200","9,800","2,200",16.7
Ballarat,VIC,Arts and Recreation Services,700,100,500,500,200,-400,0.9
Ballarat,VIC,Other Services,"2,700","1,200","1,500","1,200","1,500",800,3.5
Barwon,VIC,"Agriculture, Forestry and Fishing","5,000","3,100","1,900","3,600","1,400","1,200",3.6
Barwon,VIC,Mining,500,500,0,500,0,-200,0.4
Barwon,VIC,Manufacturing,"10,500","8,700","1,900","8,100","2,400","-2,600",7.6
Barwon,VIC,"Electricity, Gas, Water and Waste Services","1,800","1,800",0,"1,600",300,600,1.3
Barwon,VIC,Construction,"13,000","11,100","2,000","12,000","1,000",-600,9.4
Barwon,VIC,Wholesale Trade,"3,200","3,100",100,"2,900",300,-300,2.3
Barwon,VIC,Retail Trade,"16,200","8,700","7,600","7,400","8,800",400,11.7
Barwon,VIC,Accommodation and Food Services,"8,200","2,600","5,700","3,800","4,500",400,5.9
Barwon,VIC,"Transport, Postal and Warehousing","7,300","6,100","1,200","6,000","1,300","3,100",5.3
Barwon,VIC,Information Media and Telecommunications,900,500,400,400,500,"-1,400",0.6
Barwon,VIC,Financial and Insurance Services,"2,400","1,300","1,100","1,100","1,300",500,1.7
Barwon,VIC,"Rental, Hiring and Real Estate Services","3,300","3,100",200,"1,800","1,500","1,500",2.4
Barwon,VIC,"Professional, Scientific and Technical Services","6,700","4,700","1,900","4,500","2,200",-500,4.8
Barwon,VIC,Administrative and Support Services,"4,000","2,000","2,000","2,000","2,000",100,2.9
Barwon,VIC,Public Administration and Safety,"11,600","9,000","2,600","6,600","5,000","3,100",8.4
Barwon,VIC,Education and Training,"14,700","9,100","5,600","5,700","9,000","3,800",10.6
Barwon,VIC,Health Care and Social Assistance,"21,300","9,700","11,500","3,300","18,000","3,900",15.4
Barwon,VIC,Arts and Recreation Services,"1,900","1,200",700,500,"1,500","-1,200",1.4
Barwon,VIC,Other Services,"6,200","4,500","1,800","3,200","3,000","2,500",4.5
Bendigo,VIC,"Agriculture, Forestry and Fishing","1,800","1,000",800,900,900,"-3,600",2.6
Bendigo,VIC,Mining,700,700,0,700,0,-200,1.0
Bendigo,VIC,Manufacturing,"6,600","5,600","1,000","4,800","1,800","-1,400",9.4
Bendigo,VIC,"Electricity, Gas, Water and Waste Services",900,900,0,800,100,"-1,000",1.3
Bendigo,VIC,Construction,"6,700","6,100",700,"6,500",200,-300,9.5
Bendigo,VIC,Wholesale Trade,"1,200",600,500,800,400,"-1,500",1.7
Bendigo,VIC,Retail Trade,"8,900","4,400","4,500","4,000","4,900",200,12.6
Bendigo,VIC,Accommodation and Food Services,"5,300","1,000","4,300","2,200","3,000","1,800",7.5
Bendigo,VIC,"Transport, Postal and Warehousing","2,300","2,000",300,"1,700",600,-200,3.3
Bendigo,VIC,Information Media and Telecommunications,900,400,500,200,700,-200,1.3
Bendigo,VIC,Financial and Insurance Services,"2,300","1,900",400,800,"1,500",-300,3.3
Bendigo,VIC,"Rental, Hiring and Real Estate Services",400,100,300,200,200,-400,0.6
Bendigo,VIC,"Professional, Scientific and Technical Services","3,000","1,800","1,200","1,900","1,100","-1,100",4.3
Bendigo,VIC,Administrative and Support Services,"3,000","1,600","1,400","2,100",900,-900,4.3
Bendigo,VIC,Public Administration and Safety,"3,100","2,000","1,100","1,800","1,300",700,4.4
Bendigo,VIC,Education and Training,"5,700","3,000","2,700","1,900","3,800",-700,8.1
Bendigo,VIC,Health Care and Social Assistance,"13,900","5,300","8,600","2,700","11,200","4,900",19.7
Bendigo,VIC,Arts and Recreation Services,"1,300",700,600,700,600,100,1.8
Bendigo,VIC,Other Services,"2,500","1,800",700,"1,100","1,400",700,3.5
Gippsland,VIC,"Agriculture, Forestry and Fishing","17,000","9,200","7,800","11,500","5,500","3,400",13.9
Gippsland,VIC,Mining,"1,100","1,000",100,"1,100",0,-400,0.9
Gippsland,VIC,Manufacturing,"9,200","8,400",800,"7,700","1,500",400,7.5
Gippsland,VIC,"Electricity, Gas, Water and Waste Services","1,300","1,200",100,"1,200",100,"-4,100",1.1
Gippsland,VIC,Construction,"11,000","9,500","1,500","9,900","1,100","-3,400",9.0
Gippsland,VIC,Wholesale Trade,"2,900","2,600",400,"1,900","1,000",-600,2.4
Gippsland,VIC,Retail Trade,"17,200","8,300","8,900","7,500","9,700","1,600",14.0
Gippsland,VIC,Accommodation and Food Services,"10,300","3,900","6,400","4,000","6,400","2,200",8.4
Gippsland,VIC,"Transport, Postal and Warehousing","4,400","2,400","2,000","3,600",800,"1,900",3.6
Gippsland,VIC,Information Media and Telecommunications,"1,100",700,400,700,400,-300,0.9
Gippsland,VIC,Financial and Insurance Services,"1,600",900,700,500,"1,100",-700,1.3
Gippsland,VIC,"Rental, Hiring and Real Estate Services","1,000","1,000",0,500,500,-300,0.8
Gippsland,VIC,"Professional, Scientific and Technical Services","4,300","3,200","1,100","2,100","2,200","-2,000",3.5
Gippsland,VIC,Administrative and Support Services,"5,000","2,400","2,600","3,200","1,900","1,700",4.1
Gippsland,VIC,Public Administration and Safety,"6,100","4,300","1,900","3,500","2,600","-2,600",5.0
Gippsland,VIC,Education and Training,"6,400","3,700","2,700","1,800","4,600","-3,800",5.2
Gippsland,VIC,Health Care and Social Assistance,"16,100","7,200","8,900","3,800","12,300",-900,13.1
Gippsland,VIC,Arts and Recreation Services,"2,100",500,"1,500",500,"1,500",900,1.7
Gippsland,VIC,Other Services,"4,400","1,900","2,500","1,700","2,700","-1,000",3.6
Goulburn/Murray,VIC,"Agriculture, Forestry and Fishing","13,400","8,600","4,800","8,200","5,200","-3,800",9.1
Goulburn/Murray,VIC,Mining,400,200,200,300,100,300,0.3
Goulburn/Murray,VIC,Manufacturing,"15,200","11,900","3,300","10,700","4,500","-2,900",10.4
Goulburn/Murray,VIC,"Electricity, Gas, Water and Waste Services","3,200","3,000",200,"3,000",200,"1,600",2.2
Goulburn/Murray,VIC,Construction,"13,100","10,900","2,200","11,600","1,400","1,800",8.9
Goulburn/Murray,VIC,Wholesale Trade,"2,900","2,200",700,"2,100",800,"-1,200",2.0
Goulburn/Murray,VIC,Retail Trade,"16,800","8,100","8,700","7,400","9,400","4,400",11.5
Goulburn/Murray,VIC,Accommodation and Food Services,"11,900","4,900","7,000","4,700","7,200","3,800",8.1
Goulburn/Murray,VIC,"Transport, Postal and Warehousing","7,200","5,300","1,900","6,300",900,900,4.9
Goulburn/Murray,VIC,Information Media and Telecommunications,"2,000","1,200",700,"1,400",600,"1,400",1.4
Goulburn/Murray,VIC,Financial and Insurance Services,"1,100","1,000",100,400,700,-500,0.8
Goulburn/Murray,VIC,"Rental, Hiring and Real Estate Services","1,000",700,300,600,400,-600,0.7
Goulburn/Murray,VIC,"Professional, Scientific and Technical Services","6,100","4,200","2,000","3,100","3,000","2,400",4.2
Goulburn/Murray,VIC,Administrative and Support Services,"4,300","3,200","1,100","1,900","2,300",200,2.9
Goulburn/Murray,VIC,Public Administration and Safety,"7,100","4,900","2,100","3,700","3,400",-700,4.8
Goulburn/Murray,VIC,Education and Training,"10,500","5,800","4,700","1,700","8,700","2,600",7.2
Goulburn/Murray,VIC,Health Care and Social Assistance,"20,500","10,000","10,500","4,200","16,300","3,000",14.0
Goulburn/Murray,VIC,Arts and Recreation Services,"3,400","2,200","1,200","1,800","1,600","1,800",2.3
Goulburn/Murray,VIC,Other Services,"6,400","4,800","1,600","3,300","3,100","1,800",4.4
Inner Metropolitan Melbourne,VIC,"Agriculture, Forestry and Fishing","3,100","1,900","1,200","2,000","1,000","1,700",0.4
Inner Metropolitan Melbourne,VIC,Mining,"2,700","2,700",0,"1,900",800,-700,0.4
Inner Metropolitan Melbourne,VIC,Manufacturing,"43,600","36,200","7,400","27,900","15,700","-2,700",5.7
Inner Metropolitan Melbourne,VIC,"Electricity, Gas, Water and Waste Services","6,800","6,000",800,"3,800","3,000","1,200",0.9
Inner Metropolitan Melbourne,VIC,Construction,"40,900","33,400","7,600","36,100","4,900","-5,200",5.3
Inner Metropolitan Melbourne,VIC,Wholesale Trade,"24,700","19,600","5,100","15,900","8,800",0,3.2
Inner Metropolitan Melbourne,VIC,Retail Trade,"74,400","41,800","32,600","34,400","40,000","12,600",9.7
Inner Metropolitan Melbourne,VIC,Accommodation and Food Services,"58,800","26,200","32,600","32,200","26,600","12,900",7.6
Inner Metropolitan Melbourne,VIC,"Transport, Postal and Warehousing","22,900","18,700","4,200","16,200","6,700","2,300",3.0
Inner Metropolitan Melbourne,VIC,Information Media and Telecommunications,"24,000","20,700","3,300","16,500","7,500","1,600",3.1
Inner Metropolitan Melbourne,VIC,Financial and Insurance Services,"46,800","41,200","5,600","28,400","18,400","-1,700",6.1
Inner Metropolitan Melbourne,VIC,"Rental, Hiring and Real Estate Services","14,500","10,200","4,300","7,700","6,800",-800,1.9
Inner Metropolitan Melbourne,VIC,"Professional, Scientific and Technical Services","120,500","92,800","27,600","72,400","48,100","12,500",15.6
Inner Metropolitan Melbourne,VIC,Administrative and Support Services,"29,800","19,700","10,100","15,100","14,700",-500,3.9
Inner Metropolitan Melbourne,VIC,Public Administration and Safety,"34,100","27,600","6,500","16,500","17,600","-2,900",4.4
Inner Metropolitan Melbourne,VIC,Education and Training,"75,700","48,000","27,700","25,000","50,700","6,400",9.8
Inner Metropolitan Melbourne,VIC,Health Care and Social Assistance,"104,500","60,100","44,400","29,400","75,000","10,700",13.6
Inner Metropolitan Melbourne,VIC,Arts and Recreation Services,"21,300","13,100","8,200","12,900","8,400","-2,300",2.8
Inner Metropolitan Melbourne,VIC,Other Services,"21,800","12,300","9,500","9,300","12,400","-3,500",2.8
North Eastern Melbourne,VIC,"Agriculture, Forestry and Fishing","4,800","3,400","1,400","2,900","1,900","1,800",0.9
North Eastern Melbourne,VIC,Mining,600,400,200,400,200,-400,0.1
North Eastern Melbourne,VIC,Manufacturing,"51,700","41,800","9,800","37,400","14,300","-1,900",9.6
North Eastern Melbourne,VIC,"Electricity, Gas, Water and Waste Services","7,900","7,100",900,"5,900","2,000","2,300",1.5
North Eastern Melbourne,VIC,Construction,"57,100","49,200","7,800","51,300","5,800","4,500",10.6
North Eastern Melbourne,VIC,Wholesale Trade,"22,400","17,800","4,600","13,900","8,500","-1,100",4.2
North Eastern Melbourne,VIC,Retail Trade,"53,600","25,200","28,400","26,100","27,500","-6,400",9.9
North Eastern Melbourne,VIC,Accommodation and Food Services,"28,300","12,600","15,800","11,800","16,500","-1,900",5.3
North Eastern Melbourne,VIC,"Transport, Postal and Warehousing","23,900","18,200","5,800","18,600","5,300","4,200",4.4
North Eastern Melbourne,VIC,Information Media and Telecommunications,"9,500","7,800","1,700","7,400","2,100",0,1.8
North Eastern Melbourne,VIC,Financial and Insurance Services,"19,700","16,700","3,000","10,100","9,600",800,3.7
North Eastern Melbourne,VIC,"Rental, Hiring and Real Estate Services","8,000","5,700","2,400","3,700","4,300",-600,1.5
North Eastern Melbourne,VIC,"Professional, Scientific and Technical Services","47,700","36,600","11,200","30,100","17,600","8,100",8.9
North Eastern Melbourne,VIC,Administrative and Support Services,"21,200","11,600","9,600","11,600","9,700","5,300",3.9
North Eastern Melbourne,VIC,Public Administration and Safety,"29,500","24,200","5,200","16,900","12,600","6,800",5.5
North Eastern Melbourne,VIC,Education and Training,"47,400","30,500","16,900","13,100","34,300","5,300",8.8
North Eastern Melbourne,VIC,Health Care and Social Assistance,"73,700","41,500","32,100","12,700","60,900","15,800",13.7
North Eastern Melbourne,VIC,Arts and Recreation Services,"8,900","4,800","4,100","5,600","3,300",-800,1.7
North Eastern Melbourne,VIC,Other Services,"23,000","15,800","7,200","13,100","9,800",-900,4.3
North Western Melbourne,VIC,"Agriculture, Forestry and Fishing","1,900","1,200",700,"1,600",300,900,1.1
North Western Melbourne,VIC,Mining,100,100,0,100,0,-600,0.1
North Western Melbourne,VIC,Manufacturing,"19,400","16,800","2,600","13,300","6,000","1,000",11.4
North Western Melbourne,VIC,"Electricity, Gas, Water and Waste Services","1,800","1,600",200,"1,300",400,-200,1.1
North Western Melbourne,VIC,Construction,"19,800","17,100","2,700","18,200","1,600","6,100",11.6
North Western Melbourne,VIC,Wholesale Trade,"5,500","5,000",400,"3,800","1,700","-2,100",3.2
North Western Melbourne,VIC,Retail Trade,"17,200","8,400","8,800","6,600","10,600","1,100",10.1
North Western Melbourne,VIC,Accommodation and Food Services,"9,200","3,900","5,300","4,700","4,400",-500,5.4
North Western Melbourne,VIC,"Transport, Postal and Warehousing","17,200","13,400","3,800","13,500","3,600","2,200",10.1
North Western Melbourne,VIC,Information Media and Telecommunications,"1,900","1,500",400,"1,500",400,"-1,400",1.1
North Western Melbourne,VIC,Financial and Insurance Services,"7,100","6,000","1,100","3,600","3,500",-200,4.2
North Western Melbourne,VIC,"Rental, Hiring and Real Estate Services","3,800","3,100",800,"2,000","1,800","1,700",2.2
North Western Melbourne,VIC,"Professional, Scientific and Technical Services","12,500","9,700","2,800","6,800","5,700","5,000",7.3
North Western Melbourne,VIC,Administrative and Support Services,"4,800","2,200","2,500","2,000","2,800","-1,100",2.8
North Western Melbourne,VIC,Public Administration and Safety,"8,700","6,700","2,000","4,200","4,500","1,300",5.1
North Western Melbourne,VIC,Education and Training,"14,200","8,100","6,100","2,400","11,800","4,400",8.3
North Western Melbourne,VIC,Health Care and Social Assistance,"18,000","9,300","8,800","3,900","14,200","3,200",10.6
North Western Melbourne,VIC,Arts and Recreation Services,"2,700","1,600","1,100","1,800",900,"-1,800",1.6
North Western Melbourne,VIC,Other Services,"4,500","3,500","1,000","2,800","1,700","-2,600",2.6
South Coast of Victoria,VIC,"Agriculture, Forestry and Fishing","18,600","14,800","3,800","12,300","6,300","14,200",29.7
South Coast of Victoria,VIC,Mining,400,300,100,400,0,-100,0.6
South Coast of Victoria,VIC,Manufacturing,"4,700","3,600","1,100","3,700","1,000","-3,900",7.5
South Coast of Victoria,VIC,"Electricity, Gas, Water and Waste Services",100,100,0,100,0,"-1,100",0.2
South Coast of Victoria,VIC,Construction,"3,100","2,400",700,"2,600",500,"-1,000",5.0
South Coast of Victoria,VIC,Wholesale Trade,"1,300","1,000",200,900,400,-100,2.1
South Coast of Victoria,VIC,Retail Trade,"7,100","2,700","4,400","2,000","5,100","1,400",11.3
South Coast of Victoria,VIC,Accommodation and Food Services,"5,200","2,600","2,600","2,400","2,800",900,8.3
South Coast of Victoria,VIC,"Transport, Postal and Warehousing","3,100","2,300",800,"2,400",700,"1,200",5.0
South Coast of Victoria,VIC,Information Media and Telecommunications,0,0,0,0,0,-600,0.0
South Coast of Victoria,VIC,Financial and Insurance Services,"2,200","1,200","1,000",700,"1,500",500,3.5
South Coast of Victoria,VIC,"Rental, Hiring and Real Estate Services",200,200,0,0,200,-200,0.3
South Coast of Victoria,VIC,"Professional, Scientific and Technical Services","1,800","1,300",500,700,"1,100",-200,2.9
South Coast of Victoria,VIC,Administrative and Support Services,"1,400",700,700,800,600,-300,2.2
South Coast of Victoria,VIC,Public Administration and Safety,"1,900","1,100",800,"1,000",900,-500,3.0
South Coast of Victoria,VIC,Education and Training,"3,800","2,300","1,500","1,500","2,300",-300,6.1
South Coast of Victoria,VIC,Health Care and Social Assistance,"5,400","2,100","3,400","1,100","4,300","-3,100",8.6
South Coast of Victoria,VIC,Arts and Recreation Services,500,400,100,300,200,-300,0.8
South Coast of Victoria,VIC,Other Services,"1,800",700,"1,100",500,"1,300",-100,2.9
South Eastern Melbourne and Peninsula,VIC,"Agriculture, Forestry and Fishing","6,200","4,700","1,500","3,400","2,800","-1,000",1.2
South Eastern Melbourne and Peninsula,VIC,Mining,900,900,0,700,200,-700,0.2
South Eastern Melbourne and Peninsula,VIC,Manufacturing,"71,100","60,600","10,500","47,900","23,300","2,800",13.4
South Eastern Melbourne and Peninsula,VIC,"Electricity, Gas, Water and Waste Services","6,900","6,800",100,"4,400","2,500","1,100",1.3
South Eastern Melbourne and Peninsula,VIC,Construction,"49,800","42,000","7,800","45,000","4,700",-200,9.4
South Eastern Melbourne and Peninsula,VIC,Wholesale Trade,"23,600","18,700","5,000","15,800","7,800",-700,4.4
South Eastern Melbourne and Peninsula,VIC,Retail Trade,"59,100","33,000","26,100","28,500","30,600","5,100",11.1
South Eastern Melbourne and Peninsula,VIC,Accommodation and Food Services,"36,300","12,800","23,600","16,500","19,800","7,600",6.8
South Eastern Melbourne and Peninsula,VIC,"Transport, Postal and Warehousing","27,600","20,700","6,900","20,900","6,800","2,800",5.2
South Eastern Melbourne and Peninsula,VIC,Information Media and Telecommunications,"9,300","7,100","2,100","6,500","2,800",400,1.8
South Eastern Melbourne and Peninsula,VIC,Financial and Insurance Services,"17,500","14,600","2,900","9,700","7,800","3,500",3.3
South Eastern Melbourne and Peninsula,VIC,"Rental, Hiring and Real Estate Services","7,200","5,900","1,400","2,100","5,100","1,200",1.4
South Eastern Melbourne and Peninsula,VIC,"Professional, Scientific and Technical Services","34,100","26,900","7,200","21,900","12,300","5,100",6.4
South Eastern Melbourne and Peninsula,VIC,Administrative and Support Services,"22,100","10,200","11,900","10,700","11,400","2,500",4.2
South Eastern Melbourne and Peninsula,VIC,Public Administration and Safety,"20,800","15,400","5,400","10,400","10,400","4,100",3.9
South Eastern Melbourne and Peninsula,VIC,Education and Training,"40,100","24,200","15,800","13,100","27,000","10,700",7.5
South Eastern Melbourne and Peninsula,VIC,Health Care and Social Assistance,"64,100","33,500","30,600","12,500","51,600","15,100",12.1
South Eastern Melbourne and Peninsula,VIC,Arts and Recreation Services,"7,900","3,700","4,300","4,500","3,400","1,200",1.5
South Eastern Melbourne and Peninsula,VIC,Other Services,"26,800","18,200","8,600","15,300","11,600","4,000",5.0
Western Melbourne,VIC,"Agriculture, Forestry and Fishing","1,900","1,300",600,"1,500",400,500,0.5
Western Melbourne,VIC,Mining,"1,000",800,200,800,200,-100,0.3
Western Melbourne,VIC,Manufacturing,"38,900","34,500","4,400","29,300","9,600",600,10.4
Western Melbourne,VIC,"Electricity, Gas, Water and Waste Services","3,900","3,400",500,"3,000",900,200,1.0
Western Melbourne,VIC,Construction,"30,900","27,100","3,800","27,600","3,300","4,100",8.2
Western Melbourne,VIC,Wholesale Trade,"15,800","13,400","2,400","10,500","5,300","2,800",4.2
Western Melbourne,VIC,Retail Trade,"41,500","20,100","21,400","18,600","22,900","10,000",11.1
Western Melbourne,VIC,Accommodation and Food Services,"30,100","11,600","18,500","16,200","13,800","11,500",8.0
Western Melbourne,VIC,"Transport, Postal and Warehousing","35,300","28,200","7,100","25,100","10,200","3,500",9.4
Western Melbourne,VIC,Information Media and Telecommunications,"6,300","5,300","1,000","3,900","2,400",-600,1.7
Western Melbourne,VIC,Financial and Insurance Services,"15,300","13,000","2,300","7,200","8,100",-500,4.1
Western Melbourne,VIC,"Rental, Hiring and Real Estate Services","5,600","4,000","1,600","3,800","1,800","-2,000",1.5
Western Melbourne,VIC,"Professional, Scientific and Technical Services","27,100","21,200","5,900","18,000","9,100","9,600",7.2
Western Melbourne,VIC,Administrative and Support Services,"13,900","8,200","5,700","7,400","6,500","2,000",3.7
Western Melbourne,VIC,Public Administration and Safety,"22,200","18,400","3,800","12,400","9,800","4,400",5.9
Western Melbourne,VIC,Education and Training,"23,500","11,500","12,000","6,300","17,200","5,000",6.3
Western Melbourne,VIC,Health Care and Social Assistance,"40,500","19,200","21,300","8,700","31,800","13,800",10.8
Western Melbourne,VIC,Arts and Recreation Services,"7,100","3,400","3,700","2,700","4,400","2,500",1.9
Western Melbourne,VIC,Other Services,"14,200","10,700","3,500","9,300","4,900","3,100",3.8
Wimmera Mallee,VIC,"Agriculture, Forestry and Fishing","9,800","8,400","1,400","6,700","3,000","-1,900",14.5
Wimmera Mallee,VIC,Mining,"2,100","2,100",0,"2,100",0,"1,800",3.1
Wimmera Mallee,VIC,Manufacturing,"4,100","3,000","1,000","3,200",800,"-1,100",6.1
Wimmera Mallee,VIC,"Electricity, Gas, Water and Waste Services",800,800,0,600,200,-500,1.2
Wimmera Mallee,VIC,Construction,"6,300","4,400","1,900","5,700",600,"1,900",9.3
Wimmera Mallee,VIC,Wholesale Trade,"1,200",700,500,"1,200",0,"-2,200",1.8
Wimmera Mallee,VIC,Retail Trade,"7,800","3,000","4,700","4,200","3,600","-1,100",11.5
Wimmera Mallee,VIC,Accommodation and Food Services,"4,900","1,700","3,200","1,200","3,700",700,7.2
Wimmera Mallee,VIC,"Transport, Postal and Warehousing","3,100","2,900",100,"2,700",400,-400,4.6
Wimmera Mallee,VIC,Information Media and Telecommunications,0,0,0,0,0,-500,0.0
Wimmera Mallee,VIC,Financial and Insurance Services,"1,000",700,300,700,300,-400,1.5
Wimmera Mallee,VIC,"Rental, Hiring and Real Estate Services",0,0,0,0,0,-900,0.0
Wimmera Mallee,VIC,"Professional, Scientific and Technical Services","3,900","2,900","1,000","1,800","2,000","1,500",5.8
Wimmera Mallee,VIC,Administrative and Support Services,"1,400","1,400",0,"1,100",300,-100,2.1
Wimmera Mallee,VIC,Public Administration and Safety,"3,000","2,400",600,"1,100","1,900",500,4.4
Wimmera Mallee,VIC,Education and Training,"5,600","3,900","1,700","1,300","4,300","2,400",8.3
Wimmera Mallee,VIC,Health Care and Social Assistance,"8,600","4,400","4,200","1,600","7,000",600,12.7
Wimmera Mallee,VIC,Arts and Recreation Services,"1,300","1,300",0,"1,100",200,700,1.9
Wimmera Mallee,VIC,Other Services,"2,700","1,600","1,100",700,"2,000","1,000",4.0
Brisbane South East,QLD,"Agriculture, Forestry and Fishing","3,600","2,400","1,200","1,700","1,900","-3,000",0.8
Brisbane South East,QLD,Mining,"5,000","4,600",500,"3,800","1,200",700,1.1
Brisbane South East,QLD,Manufacturing,"40,400","35,000","5,500","27,800","12,700","2,100",8.9
Brisbane South East,QLD,"Electricity, Gas, Water and Waste Services","5,500","5,500",0,"4,600",900,"-1,100",1.2
Brisbane South East,QLD,Construction,"49,500","42,700","6,700","42,300","7,200","7,300",10.9
Brisbane South East,QLD,Wholesale Trade,"18,500","15,900","2,600","14,000","4,500",-500,4.1
Brisbane South East,QLD,Retail Trade,"43,600","21,400","22,100","20,800","22,800",0,9.6
Brisbane South East,QLD,Accommodation and Food Services,"26,400","10,500","15,900","13,400","13,000","1,300",5.8
Brisbane South East,QLD,"Transport, Postal and Warehousing","28,300","23,300","5,000","22,900","5,400","3,200",6.3
Brisbane South East,QLD,Information Media and Telecommunications,"7,200","5,600","1,600","4,300","2,900",100,1.6
Brisbane South East,QLD,Financial and Insurance Services,"14,800","11,900","2,900","6,900","7,900",-300,3.3
Brisbane South East,QLD,"Rental, Hiring and Real Estate Services","8,800","6,900","1,900","2,800","6,000","-2,900",1.9
Brisbane South East,QLD,"Professional, Scientific and Technical Services","41,700","30,400","11,200","23,600","18,100","6,700",9.2
Brisbane South East,QLD,Administrative and Support Services,"14,900","8,700","6,200","6,900","7,900","-2,200",3.3
Brisbane South East,QLD,Public Administration and Safety,"31,600","25,400","6,200","11,700","19,900",400,7.0
Brisbane South East,QLD,Education and Training,"32,800","18,700","14,200","9,300","23,500","-1,700",7.3
Brisbane South East,QLD,Health Care and Social Assistance,"50,500","28,400","22,100","10,300","40,100",500,11.2
Brisbane South East,QLD,Arts and Recreation Services,"7,900","3,900","4,000","3,700","4,200",200,1.7
Brisbane South East,QLD,Other Services,"21,200","15,700","5,500","12,400","8,700","3,400",4.7
Cairns,QLD,"Agriculture, Forestry and Fishing","5,000","4,500",500,"4,200",800,-500,4.5
Cairns,QLD,Mining,"1,800","1,800",0,"1,800",0,-600,1.6
Cairns,QLD,Manufacturing,"7,800","6,300","1,500","6,000","1,800","2,500",7.0
Cairns,QLD,"Electricity, Gas, Water and Waste Services",600,600,0,600,0,-900,0.5
Cairns,QLD,Construction,"8,600","7,100","1,500","7,600","1,100","-2,500",7.7
Cairns,QLD,Wholesale Trade,"1,300","1,000",300,"1,000",300,300,1.2
Cairns,QLD,Retail Trade,"14,800","7,200","7,600","6,300","8,500","-1,700",13.3
Cairns,QLD,Accommodation and Food Services,"8,600","4,400","4,100","5,100","3,400","-3,500",7.7
Cairns,QLD,"Transport, Postal and Warehousing","6,800","5,300","1,600","5,400","1,500",-600,6.1
Cairns,QLD,Information Media and Telecommunications,"1,900","1,600",300,400,"1,500","1,300",1.7
Cairns,QLD,Financial and Insurance Services,"1,800","1,000",900,300,"1,500",400,1.6
Cairns,QLD,"Rental, Hiring and Real Estate Services","1,100",700,400,700,400,"-1,400",1.0
Cairns,QLD,"Professional, Scientific and Technical Services","5,100","4,100","1,000","2,500","2,600","-1,300",4.6
Cairns,QLD,Administrative and Support Services,"5,400","3,200","2,200","3,200","2,100","1,000",4.9
Cairns,QLD,Public Administration and Safety,"10,500","8,300","2,200","5,800","4,700","2,100",9.5
Cairns,QLD,Education and Training,"12,500","6,600","5,900","2,600","9,800","5,400",11.3
Cairns,QLD,Health Care and Social Assistance,"13,000","8,100","4,900","2,400","10,600",400,11.7
Cairns,QLD,Arts and Recreation Services,"1,100",900,300,500,600,"-1,500",1.0
Cairns,QLD,Other Services,"3,400","2,300","1,100","1,900","1,500","-1,200",3.1
Darling Downs,QLD,"Agriculture, Forestry and Fishing","10,100","7,700","2,400","7,000","3,100","-7,300",7.5
Darling Downs,QLD,Mining,"3,400","3,200",100,"2,700",700,-500,2.5
Darling Downs,QLD,Manufacturing,"10,200","9,300",800,"7,200","3,000",-100,7.6
Darling Downs,QLD,"Electricity, Gas, Water and Waste Services","2,800","2,400",300,"2,200",600,"-1,000",2.1
Darling Downs,QLD,Construction,"11,700","10,000","1,700","10,400","1,300","2,400",8.7
Darling Downs,QLD,Wholesale Trade,"3,400","2,600",800,"1,700","1,700","-1,200",2.5
Darling Downs,QLD,Retail Trade,"15,100","7,900","7,200","6,600","8,600",300,11.2
Darling Downs,QLD,Accommodation and Food Services,"8,400","2,700","5,700","3,900","4,500",600,6.2
Darling Downs,QLD,"Transport, Postal and Warehousing","7,700","6,000","1,700","5,600","2,100","2,400",5.7
Darling Downs,QLD,Information Media and Telecommunications,800,600,300,200,600,-400,0.6
Darling Downs,QLD,Financial and Insurance Services,"1,700","1,500",200,600,"1,100","-1,800",1.3
Darling Downs,QLD,"Rental, Hiring and Real Estate Services","2,400","1,700",600,"1,200","1,200",-300,1.8
Darling Downs,QLD,"Professional, Scientific and Technical Services","7,200","6,200",900,"4,300","2,900",800,5.3
Darling Downs,QLD,Administrative and Support Services,"3,600","2,000","1,600","2,100","1,400","1,800",2.7
Darling Downs,QLD,Public Administration and Safety,"8,900","7,600","1,300","4,000","4,900","3,000",6.6
Darling Downs,QLD,Education and Training,"12,000","8,100","3,900","3,200","8,900","-1,100",8.9
Darling Downs,QLD,Health Care and Social Assistance,"15,800","9,300","6,500","3,100","12,700",-200,11.7
Darling Downs,QLD,Arts and Recreation Services,"2,700",800,"2,000",800,"1,900","1,300",2.0
Darling Downs,QLD,Other Services,"6,900","4,500","2,400","3,800","3,200","1,800",5.1
Fitzroy,QLD,"Agriculture, Forestry and Fishing","5,600","3,600","2,100","3,300","2,300","1,300",4.8
Fitzroy,QLD,Mining,"9,100","8,800",300,"8,200",800,"-1,600",7.8
Fitzroy,QLD,Manufacturing,"9,500","9,000",500,"8,100","1,500","2,500",8.1
Fitzroy,QLD,"Electricity, Gas, Water and Waste Services","3,300","3,200",100,"2,500",800,800,2.8
Fitzroy,QLD,Construction,"9,100","8,500",600,"8,200",800,"-3,700",7.8
Fitzroy,QLD,Wholesale Trade,"2,800","2,800",0,"2,200",500,"1,000",2.4
Fitzroy,QLD,Retail Trade,"11,100","6,500","4,600","4,000","7,100",-600,9.5
Fitzroy,QLD,Accommodation and Food Services,"6,600","3,400","3,200","2,400","4,100","-1,500",5.6
Fitzroy,QLD,"Transport, Postal and Warehousing","7,700","5,200","2,500","6,100","1,600",-700,6.6
Fitzroy,QLD,Information Media and Telecommunications,"1,700","1,500",100,"1,100",600,100,1.4
Fitzroy,QLD,Financial and Insurance Services,700,700,0,400,200,"-1,800",0.6
Fitzroy,QLD,"Rental, Hiring and Real Estate Services","1,200",700,500,0,"1,200","-1,100",1.0
Fitzroy,QLD,"Professional, Scientific and Technical Services","7,900","6,300","1,600","4,600","3,300","3,400",6.7
Fitzroy,QLD,Administrative and Support Services,"2,600","2,200",400,"1,500","1,000",400,2.2
Fitzroy,QLD,Public Administration and Safety,"6,900","5,500","1,500","3,000","3,900","-1,100",5.9
Fitzroy,QLD,Education and Training,"8,100","4,800","3,300","1,900","6,200",100,6.9
Fitzroy,QLD,Health Care and Social Assistance,"15,600","9,200","6,400","3,200","12,300","4,300",13.3
Fitzroy,QLD,Arts and Recreation Services,"1,300",700,500,100,"1,100",300,1.1
Fitzroy,QLD,Other Services,"6,500","3,400","3,100","2,800","3,800","2,000",5.5
Gold Coast,QLD,"Agriculture, Forestry and Fishing","1,200","1,000",200,700,500,300,0.4
Gold Coast,QLD,Mining,700,700,0,600,100,"-2,100",0.2
Gold Coast,QLD,Manufacturing,"16,500","14,000","2,500","12,000","4,600","-4,800",5.5
Gold Coast,QLD,"Electricity, Gas, Water and Waste Services","2,600","2,500",100,"1,800",800,-200,0.9
Gold Coast,QLD,Construction,"36,200","32,000","4,300","33,200","3,000","-1,800",12.0
Gold Coast,QLD,Wholesale Trade,"7,700","6,000","1,700","4,800","3,000","-3,400",2.6
Gold Coast,QLD,Retail Trade,"35,200","16,800","18,400","14,200","21,000","3,300",11.7
Gold Coast,QLD,Accommodation and Food Services,"30,800","12,500","18,300","14,100","16,700","6,300",10.2
Gold Coast,QLD,"Transport, Postal and Warehousing","11,100","8,300","2,700","9,300","1,800","1,000",3.7
Gold Coast,QLD,Information Media and Telecommunications,"7,800","6,100","1,600","4,600","3,200","4,900",2.6
Gold Coast,QLD,Financial and Insurance Services,"7,800","6,800","1,000","3,600","4,200",600,2.6
Gold Coast,QLD,"Rental, Hiring and Real Estate Services","9,700","6,900","2,900","4,000","5,700",600,3.2
Gold Coast,QLD,"Professional, Scientific and Technical Services","22,000","17,700","4,300","12,600","9,500","5,300",7.3
Gold Coast,QLD,Administrative and Support Services,"14,900","8,400","6,400","7,300","7,500","-1,600",4.9
Gold Coast,QLD,Public Administration and Safety,"14,900","12,700","2,200","8,200","6,700","1,200",4.9
Gold Coast,QLD,Education and Training,"21,100","11,500","9,500","4,700","16,300","4,100",7.0
Gold Coast,QLD,Health Care and Social Assistance,"40,100","22,500","17,500","10,500","29,600","9,400",13.3
Gold Coast,QLD,Arts and Recreation Services,"7,300","4,100","3,100","3,200","4,000","-2,000",2.4
Gold Coast,QLD,Other Services,"13,700","8,800","4,900","8,100","5,700","3,900",4.5
Mackay,QLD,"Agriculture, Forestry and Fishing","5,900","5,100",800,"4,300","1,600","5,000",5.9
Mackay,QLD,Mining,"13,900","13,300",600,"12,200","1,700",900,14.0
Mackay,QLD,Manufacturing,"6,500","6,100",400,"5,300","1,300","1,100",6.5
Mackay,QLD,"Electricity, Gas, Water and Waste Services",600,600,0,400,300,"-1,100",0.6
Mackay,QLD,Construction,"8,300","7,400",800,"6,500","1,700","-2,500",8.4
Mackay,QLD,Wholesale Trade,"3,800","3,200",600,"2,000","1,700",400,3.8
Mackay,QLD,Retail Trade,"12,700","6,600","6,100","5,600","7,100","3,700",12.8
Mackay,QLD,Accommodation and Food Services,"7,200","3,100","4,100","2,400","4,900",100,7.3
Mackay,QLD,"Transport, Postal and Warehousing","5,600","5,000",600,"4,400","1,200","-2,400",5.6
Mackay,QLD,Information Media and Telecommunications,400,400,0,400,0,200,0.4
Mackay,QLD,Financial and Insurance Services,700,500,200,100,600,-400,0.7
Mackay,QLD,"Rental, Hiring and Real Estate Services",700,700,0,300,300,"-1,400",0.7
Mackay,QLD,"Professional, Scientific and Technical Services","4,900","3,300","1,600","2,900","2,000",800,4.9
Mackay,QLD,Administrative and Support Services,"2,500","2,200",300,"1,700",700,-600,2.5
Mackay,QLD,Public Administration and Safety,"2,900","2,200",700,"1,400","1,500",200,2.9
Mackay,QLD,Education and Training,"7,000","3,900","3,200","1,900","5,100","1,900",7.0
Mackay,QLD,Health Care and Social Assistance,"9,300","5,300","4,000",900,"8,400","2,300",9.4
Mackay,QLD,Arts and Recreation Services,"1,100",500,700,600,600,-200,1.1
Mackay,QLD,Other Services,"5,300","3,600","1,700","3,300","1,900",500,5.3
Somerset,QLD,"Agriculture, Forestry and Fishing","2,900","2,300",600,"2,400",500,-100,0.6
Somerset,QLD,Mining,"5,600","5,200",400,"4,800",800,-300,1.2
Somerset,QLD,Manufacturing,"29,200","23,900","5,300","20,600","8,600","-6,000",6.0
Somerset,QLD,"Electricity, Gas, Water and Waste Services","4,700","4,500",200,"3,600","1,100","-5,600",1.0
Somerset,QLD,Construction,"42,500","35,500","7,100","35,300","7,200","3,900",8.8
Somerset,QLD,Wholesale Trade,"11,500","10,100","1,400","8,100","3,400","-4,600",2.4
Somerset,QLD,Retail Trade,"47,000","23,500","23,500","22,500","24,600","6,000",9.7
Somerset,QLD,Accommodation and Food Services,"38,700","18,200","20,500","19,100","19,600","6,500",8.0
Somerset,QLD,"Transport, Postal and Warehousing","31,200","24,500","6,800","21,300","9,900",-800,6.5
Somerset,QLD,Information Media and Telecommunications,"7,700","5,900","1,800","5,500","2,200","-2,000",1.6
Somerset,QLD,Financial and Insurance Services,"19,200","15,100","4,100","9,900","9,300","6,500",4.0
Somerset,QLD,"Rental, Hiring and Real Estate Services","13,200","10,600","2,700","7,400","5,800","2,800",2.7
Somerset,QLD,"Professional, Scientific and Technical Services","43,900","34,800","9,100","27,900","16,000","6,000",9.1
Somerset,QLD,Administrative and Support Services,"17,200","11,500","5,700","7,800","9,500","2,200",3.6
Somerset,QLD,Public Administration and Safety,"37,300","31,000","6,300","16,000","21,300",500,7.7
Somerset,QLD,Education and Training,"35,700","22,700","13,000","11,600","24,100","4,500",7.4
Somerset,QLD,Health Care and Social Assistance,"68,200","41,300","26,900","18,700","49,500","10,000",14.1
Somerset,QLD,Arts and Recreation Services,"8,600","5,000","3,600","4,000","4,500","2,000",1.8
Somerset,QLD,Other Services,"19,300","12,500","6,800","8,700","10,600","4,100",4.0
Townsville,QLD,"Agriculture, Forestry and Fishing","1,400","1,000",400,"1,100",200,"-4,000",1.4
Townsville,QLD,Mining,"2,400","2,200",200,"2,200",200,"-3,400",2.5
Townsville,QLD,Manufacturing,"5,800","4,600","1,200","4,900",900,"-1,900",6.0
Townsville,QLD,"Electricity, Gas, Water and Waste Services",900,900,0,800,100,-100,0.9
Townsville,QLD,Construction,"7,200","5,700","1,500","6,400",800,"-5,000",7.4
Townsville,QLD,Wholesale Trade,"2,900","1,800","1,100","1,700","1,200",300,3.0
Townsville,QLD,Retail Trade,"10,100","5,600","4,600","4,000","6,100","-4,500",10.4
Townsville,QLD,Accommodation and Food Services,"7,800","2,600","5,200","2,500","5,300","2,500",8.0
Townsville,QLD,"Transport, Postal and Warehousing","6,400","5,100","1,300","5,500",900,"1,200",6.6
Townsville,QLD,Information Media and Telecommunications,"1,400","1,100",200,900,500,-600,1.4
Townsville,QLD,Financial and Insurance Services,800,400,400,200,600,-300,0.8
Townsville,QLD,"Rental, Hiring and Real Estate Services","1,800","1,400",400,900,900,-400,1.9
Townsville,QLD,"Professional, Scientific and Technical Services","5,800","4,200","1,600","3,000","2,800",-400,6.0
Townsville,QLD,Administrative and Support Services,"2,600","1,800",800,"1,600","1,000","-1,000",2.7
Townsville,QLD,Public Administration and Safety,"10,300","8,300","2,000","5,100","5,300","2,100",10.6
Townsville,QLD,Education and Training,"7,700","4,600","3,100","2,200","5,500","-2,500",7.9
Townsville,QLD,Health Care and Social Assistance,"15,800","10,900","4,900","4,400","11,400",-600,16.3
Townsville,QLD,Arts and Recreation Services,"1,700","1,500",300,"1,100",700,"-1,100",1.8
Townsville,QLD,Other Services,"4,200","3,600",600,"2,400","1,700",-500,4.3
Wide Bay and Sunshine Coast,QLD,"Agriculture, Forestry and Fishing","12,700","9,500","3,200","9,000","3,800",400,4.7
Wide Bay and Sunshine Coast,QLD,Mining,"5,600","5,500",100,"4,900",700,-100,2.1
Wide Bay and Sunshine Coast,QLD,Manufacturing,"16,100","13,400","2,700","13,600","2,500","-3,200",5.9
Wide Bay and Sunshine Coast,QLD,"Electricity, Gas, Water and Waste Services","3,100","2,700",400,"2,600",400,"-1,700",1.1
Wide Bay and Sunshine Coast,QLD,Construction,"28,200","21,600","6,600","24,600","3,600",-100,10.3
Wide Bay and Sunshine Coast,QLD,Wholesale Trade,"5,500","4,200","1,300","3,700","1,800",-200,2.0
Wide Bay and Sunshine Coast,QLD,Retail Trade,"35,900","17,800","18,100","16,800","19,000",-300,13.1
Wide Bay and Sunshine Coast,QLD,Accommodation and Food Services,"23,800","10,100","13,700","8,700","15,100","2,300",8.7
Wide Bay and Sunshine Coast,QLD,"Transport, Postal and Warehousing","10,800","6,500","4,300","9,000","1,800",600,4.0
Wide Bay and Sunshine Coast,QLD,Information Media and Telecommunications,"2,600","2,300",300,"1,700",900,600,1.0
Wide Bay and Sunshine Coast,QLD,Financial and Insurance Services,"6,800","5,200","1,600","2,800","4,000",500,2.5
Wide Bay and Sunshine Coast,QLD,"Rental, Hiring and Real Estate Services","5,600","4,000","1,600","2,100","3,600",-100,2.1
Wide Bay and Sunshine Coast,QLD,"Professional, Scientific and Technical Services","12,200","8,300","3,900","5,600","6,600","1,100",4.5
Wide Bay and Sunshine Coast,QLD,Administrative and Support Services,"8,600","4,400","4,200","4,400","4,200",200,3.1
Wide Bay and Sunshine Coast,QLD,Public Administration and Safety,"17,400","14,700","2,700","10,600","6,900","6,900",6.4
Wide Bay and Sunshine Coast,QLD,Education and Training,"25,200","14,900","10,300","7,200","18,000","4,500",9.2
Wide Bay and Sunshine Coast,QLD,Health Care and Social Assistance,"36,100","19,300","16,700","5,000","31,100","-1,300",13.2
Wide Bay and Sunshine Coast,QLD,Arts and Recreation Services,"4,400","2,500","1,900","2,100","2,200",-800,1.6
Wide Bay and Sunshine Coast,QLD,Other Services,"12,500","8,100","4,400","7,100","5,400","3,200",4.6
Wivenhoe,QLD,"Agriculture, Forestry and Fishing","2,500","1,500","1,000","2,000",500,200,1.0
Wivenhoe,QLD,Mining,"2,700","2,700",0,"2,300",400,"-1,900",1.1
Wivenhoe,QLD,Manufacturing,"24,800","21,200","3,600","17,700","7,000","-2,100",10.0
Wivenhoe,QLD,"Electricity, Gas, Water and Waste Services","2,100","1,900",200,"1,400",700,"-1,800",0.9
Wivenhoe,QLD,Construction,"18,800","17,400","1,400","17,100","1,700","-1,100",7.6
Wivenhoe,QLD,Wholesale Trade,"9,000","7,200","1,800","5,700","3,300","2,200",3.6
Wivenhoe,QLD,Retail Trade,"24,600","13,600","11,000","10,300","14,300","2,500",10.0
Wivenhoe,QLD,Accommodation and Food Services,"14,100","4,200","9,900","6,700","7,400","1,600",5.7
Wivenhoe,QLD,"Transport, Postal and Warehousing","14,100","11,300","2,800","10,800","3,300",-700,5.7
Wivenhoe,QLD,Information Media and Telecommunications,"2,700","2,200",400,"1,300","1,400","-1,100",1.1
Wivenhoe,QLD,Financial and Insurance Services,"6,100","5,600",500,"3,000","3,100","-1,500",2.5
Wivenhoe,QLD,"Rental, Hiring and Real Estate Services","3,900","3,000",900,"1,700","2,200",600,1.6
Wivenhoe,QLD,"Professional, Scientific and Technical Services","20,400","15,900","4,500","10,400","10,000",200,8.3
Wivenhoe,QLD,Administrative and Support Services,"8,400","5,500","2,900","4,600","3,800","3,100",3.4
Wivenhoe,QLD,Public Administration and Safety,"21,500","18,200","3,200","10,000","11,500","4,300",8.7
Wivenhoe,QLD,Education and Training,"22,300","14,000","8,300","5,700","16,600",-600,9.0
Wivenhoe,QLD,Health Care and Social Assistance,"33,800","19,600","14,200","6,800","27,000","6,800",13.7
Wivenhoe,QLD,Arts and Recreation Services,"4,500","2,700","1,800","1,900","2,600","2,400",1.8
Wivenhoe,QLD,Other Services,"10,500","8,200","2,200","5,600","4,800","1,800",4.3
Adelaide North,SA,"Agriculture, Forestry and Fishing","3,900","2,100","1,800","2,300","1,600",400,1.3
Adelaide North,SA,Mining,"2,800","2,600",300,"2,400",400,0,0.9
Adelaide North,SA,Manufacturing,"34,100","29,600","4,500","26,100","8,000",200,11.2
Adelaide North,SA,"Electricity, Gas, Water and Waste Services","3,900","3,600",300,"3,400",500,200,1.3
Adelaide North,SA,Construction,"25,900","22,200","3,700","22,900","3,000",-900,8.5
Adelaide North,SA,Wholesale Trade,"10,800","7,900","2,900","7,000","3,800","-1,100",3.6
Adelaide North,SA,Retail Trade,"34,000","15,900","18,100","15,400","18,500","-3,100",11.2
Adelaide North,SA,Accommodation and Food Services,"18,900","6,800","12,100","10,800","8,100",-900,6.2
Adelaide North,SA,"Transport, Postal and Warehousing","16,800","13,200","3,500","14,500","2,200",0,5.5
Adelaide North,SA,Information Media and Telecommunications,"4,400","3,200","1,100","3,100","1,300",400,1.4
Adelaide North,SA,Financial and Insurance Services,"7,600","5,700","1,900","2,900","4,800","-3,400",2.5
Adelaide North,SA,"Rental, Hiring and Real Estate Services","5,000","3,800","1,300","1,700","3,300","1,300",1.6
Adelaide North,SA,"Professional, Scientific and Technical Services","19,200","15,900","3,300","11,500","7,700","3,500",6.3
Adelaide North,SA,Administrative and Support Services,"13,100","5,900","7,200","5,200","7,900","2,100",4.3
Adelaide North,SA,Public Administration and Safety,"23,500","18,700","4,800","12,600","10,900","1,300",7.7
Adelaide North,SA,Education and Training,"19,800","12,500","7,300","4,800","15,000","-1,600",6.5
Adelaide North,SA,Health Care and Social Assistance,"43,500","21,500","22,000","8,600","34,900","6,800",14.3
Adelaide North,SA,Arts and Recreation Services,"4,100","1,700","2,400","2,000","2,100",-900,1.3
Adelaide North,SA,Other Services,"12,900","8,800","4,100","7,600","5,300","1,600",4.2
Adelaide South,SA,"Agriculture, Forestry and Fishing","3,400","2,100","1,300","2,500",900,"-2,100",1.0
Adelaide South,SA,Mining,"2,200","2,100",200,"1,900",300,"-2,000",0.7
Adelaide South,SA,Manufacturing,"23,200","17,400","5,700","16,300","6,800","-1,300",6.9
Adelaide South,SA,"Electricity, Gas, Water and Waste Services","5,600","5,300",300,"4,700",900,"1,100",1.7
Adelaide South,SA,Construction,"25,300","20,700","4,600","22,100","3,200",-800,7.6
Adelaide South,SA,Wholesale Trade,"8,000","6,600","1,500","5,800","2,300","-3,800",2.4
Adelaide South,SA,Retail Trade,"38,100","16,500","21,600","17,500","20,600","1,600",11.4
Adelaide South,SA,Accommodation and Food Services,"23,300","7,900","15,400","10,200","13,100",-100,7.0
Adelaide South,SA,"Transport, Postal and Warehousing","10,700","8,400","2,300","9,800",900,800,3.2
Adelaide South,SA,Information Media and Telecommunications,"4,800","3,100","1,700","3,100","1,700","-2,300",1.4
Adelaide South,SA,Financial and Insurance Services,"11,400","7,500","3,900","4,200","7,200","-2,400",3.4
Adelaide South,SA,"Rental, Hiring and Real Estate Services","5,300","4,300","1,000","2,600","2,700",-500,1.6
Adelaide South,SA,"Professional, Scientific and Technical Services","28,700","20,600","8,100","17,300","11,400",700,8.6
Adelaide South,SA,Administrative and Support Services,"14,000","6,300","7,700","6,800","7,200","2,600",4.2
Adelaide South,SA,Public Administration and Safety,"24,900","20,300","4,500","12,600","12,300","2,000",7.5
Adelaide South,SA,Education and Training,"31,000","19,100","11,800","10,700","20,200",200,9.3
Adelaide South,SA,Health Care and Social Assistance,"54,200","28,100","26,200","12,300","42,000","8,400",16.2
Adelaide South,SA,Arts and Recreation Services,"6,800","3,000","3,800","3,300","3,500",-600,2.0
Adelaide South,SA,Other Services,"13,100","8,300","4,700","6,300","6,800",800,3.9
Mid North SA,SA,"Agriculture, Forestry and Fishing","8,100","6,900","1,200","5,900","2,200","-1,000",16.7
Mid North SA,SA,Mining,400,400,0,400,0,-400,0.8
Mid North SA,SA,Manufacturing,"7,000","5,500","1,500","4,600","2,400",500,14.4
Mid North SA,SA,"Electricity, Gas, Water and Waste Services",500,500,0,500,0,-100,1.0
Mid North SA,SA,Construction,"4,200","3,200",900,"3,700",400,-200,8.7
Mid North SA,SA,Wholesale Trade,"1,000",900,100,800,200,-400,2.1
Mid North SA,SA,Retail Trade,"5,400","2,500","2,900","2,500","2,900",200,11.1
Mid North SA,SA,Accommodation and Food Services,"3,200","1,100","2,100",800,"2,400","-1,200",6.6
Mid North SA,SA,"Transport, Postal and Warehousing","2,300","1,600",600,"1,500",800,"1,100",4.7
Mid North SA,SA,Information Media and Telecommunications,"1,000",700,200,100,900,700,2.1
Mid North SA,SA,Financial and Insurance Services,900,400,400,200,700,0,1.9
Mid North SA,SA,"Rental, Hiring and Real Estate Services","1,000",600,400,300,700,900,2.1
Mid North SA,SA,"Professional, Scientific and Technical Services","1,000",700,200,800,200,-100,2.1
Mid North SA,SA,Administrative and Support Services,"1,100",700,400,300,800,-800,2.3
Mid North SA,SA,Public Administration and Safety,"3,100","2,600",400,"1,700","1,400",900,6.4
Mid North SA,SA,Education and Training,"2,500","1,100","1,300",200,"2,200",-300,5.2
Mid North SA,SA,Health Care and Social Assistance,"3,700","1,600","2,100",700,"3,000","-2,500",7.6
Mid North SA,SA,Arts and Recreation Services,400,400,100,400,100,-500,0.8
Mid North SA,SA,Other Services,"1,700","1,300",400,"1,000",700,300,3.5
Great Southern - Wheatbelt,WA,"Agriculture, Forestry and Fishing","12,300","10,000","2,300","7,700","4,500","-5,200",20.8
Great Southern - Wheatbelt,WA,Mining,"2,600","2,500",100,"2,600",0,-100,4.4
Great Southern - Wheatbelt,WA,Manufacturing,"4,100","3,000","1,100","2,800","1,300","-2,100",6.9
Great Southern - Wheatbelt,WA,"Electricity, Gas, Water and Waste Services",400,400,0,400,0,-500,0.7
Great Southern - Wheatbelt,WA,Construction,"5,200","3,700","1,500","5,000",200,"2,000",8.8
Great Southern - Wheatbelt,WA,Wholesale Trade,"1,800","1,000",800,"1,100",800,"-1,200",3.1
Great Southern - Wheatbelt,WA,Retail Trade,"4,000","1,900","2,000","1,700","2,300",-700,6.8
Great Southern - Wheatbelt,WA,Accommodation and Food Services,"6,000","1,500","4,500","1,500","4,500","2,800",10.2
Great Southern - Wheatbelt,WA,"Transport, Postal and Warehousing","2,100","1,400",700,"1,300",800,-100,3.6
Great Southern - Wheatbelt,WA,Information Media and Telecommunications,100,100,0,0,100,-100,0.2
Great Southern - Wheatbelt,WA,Financial and Insurance Services,800,700,100,100,700,-500,1.4
Great Southern - Wheatbelt,WA,"Rental, Hiring and Real Estate Services",500,300,200,300,200,100,0.8
Great Southern - Wheatbelt,WA,"Professional, Scientific and Technical Services","2,100","1,700",300,"1,400",700,500,3.6
Great Southern - Wheatbelt,WA,Administrative and Support Services,600,300,200,200,400,"-1,300",1.0
Great Southern - Wheatbelt,WA,Public Administration and Safety,"4,400","3,000","1,500","2,200","2,300",500,7.5
Great Southern - Wheatbelt,WA,Education and Training,"2,400","1,500",900,500,"1,900","-2,800",4.1
Great Southern - Wheatbelt,WA,Health Care and Social Assistance,"7,100","3,700","3,300","1,200","5,800","1,300",12.0
Great Southern - Wheatbelt,WA,Arts and Recreation Services,500,200,300,200,300,0,0.8
Great Southern - Wheatbelt,WA,Other Services,"2,000",900,"1,100","1,400",600,100,3.4
Perth North,WA,"Agriculture, Forestry and Fishing","3,700","2,800",900,"2,700","1,000",600,0.7
Perth North,WA,Mining,"30,800","29,800","1,000","24,800","6,000",500,5.8
Perth North,WA,Manufacturing,"30,100","23,700","6,300","20,900","9,200","-3,900",5.6
Perth North,WA,"Electricity, Gas, Water and Waste Services","7,200","6,300",900,"5,300","1,900",700,1.3
Perth North,WA,Construction,"54,900","47,200","7,700","47,800","7,100","2,300",10.3
Perth North,WA,Wholesale Trade,"16,600","13,300","3,300","12,500","4,200",300,3.1
Perth North,WA,Retail Trade,"51,600","24,800","26,700","22,500","29,000","4,500",9.7
Perth North,WA,Accommodation and Food Services,"37,600","15,800","21,800","18,100","19,500","8,100",7.0
Perth North,WA,"Transport, Postal and Warehousing","21,900","17,200","4,600","17,300","4,600",100,4.1
Perth North,WA,Information Media and Telecommunications,"7,800","4,900","2,900","4,500","3,200",600,1.5
Perth North,WA,Financial and Insurance Services,"17,300","13,400","4,000","7,300","10,100","4,100",3.2
Perth North,WA,"Rental, Hiring and Real Estate Services","6,800","5,100","1,700","2,500","4,200","-4,700",1.3
Perth North,WA,"Professional, Scientific and Technical Services","54,000","39,800","14,200","31,700","22,200","9,200",10.1
Perth North,WA,Administrative and Support Services,"16,900","9,800","7,100","8,400","8,500",-300,3.2
Perth North,WA,Public Administration and Safety,"30,700","22,100","8,500","15,500","15,200",-500,5.7
Perth North,WA,Education and Training,"43,600","24,800","18,800","13,400","30,300","4,500",8.2
Perth North,WA,Health Care and Social Assistance,"66,500","37,900","28,600","14,200","52,300","7,400",12.5
Perth North,WA,Arts and Recreation Services,"13,000","6,500","6,500","6,900","6,200","3,200",2.4
Perth North,WA,Other Services,"23,000","16,800","6,200","12,400","10,600","1,400",4.3
Perth South,WA,"Agriculture, Forestry and Fishing","5,100","3,600","1,500","3,000","2,100","1,400",1.0
Perth South,WA,Mining,"34,300","32,700","1,500","27,500","6,700","2,200",6.6
Perth South,WA,Manufacturing,"37,500","31,200","6,300","28,200","9,300",-700,7.3
Perth South,WA,"Electricity, Gas, Water and Waste Services","7,200","6,600",600,"4,900","2,300","1,300",1.4
Perth South,WA,Construction,"50,700","43,300","7,400","43,200","7,500","-2,900",9.8
Perth South,WA,Wholesale Trade,"15,400","12,000","3,300","11,700","3,700","-2,200",3.0
Perth South,WA,Retail Trade,"51,100","24,300","26,800","21,400","29,700","-8,400",9.9
Perth South,WA,Accommodation and Food Services,"36,600","11,800","24,800","17,900","18,700","6,800",7.1
Perth South,WA,"Transport, Postal and Warehousing","30,700","24,700","6,100","23,600","7,200","3,900",5.9
Perth South,WA,Information Media and Telecommunications,"5,200","3,300","1,900","3,100","2,000",-200,1.0
Perth South,WA,Financial and Insurance Services,"12,300","9,200","3,200","4,600","7,700","1,200",2.4
Perth South,WA,"Rental, Hiring and Real Estate Services","9,200","5,900","3,300","4,400","4,900","1,100",1.8
Perth South,WA,"Professional, Scientific and Technical Services","36,100","27,300","8,800","22,900","13,200","-2,000",7.0
Perth South,WA,Administrative and Support Services,"21,300","11,600","9,700","10,200","11,100","6,000",4.1
Perth South,WA,Public Administration and Safety,"30,300","22,100","8,100","13,200","17,000","2,500",5.9
Perth South,WA,Education and Training,"38,900","21,900","17,000","11,700","27,300","3,200",7.5
Perth South,WA,Health Care and Social Assistance,"58,200","28,000","30,100","11,600","46,500","6,400",11.3
Perth South,WA,Arts and Recreation Services,"12,200","6,300","5,800","6,000","6,200","3,000",2.4
Perth South,WA,Other Services,"24,900","16,800","8,100","14,200","10,700","4,500",4.8
South West WA,WA,"Agriculture, Forestry and Fishing","8,500","6,400","2,100","5,600","3,000","5,300",9.5
South West WA,WA,Mining,"4,300","4,200",200,"3,900",400,"-2,400",4.8
South West WA,WA,Manufacturing,"8,500","6,600","1,900","6,500","2,000",400,9.5
South West WA,WA,"Electricity, Gas, Water and Waste Services",700,700,0,700,0,-400,0.8
South West WA,WA,Construction,"9,000","7,000","2,000","7,700","1,300","-3,100",10.1
South West WA,WA,Wholesale Trade,"3,000","2,800",200,"2,600",400,700,3.4
South West WA,WA,Retail Trade,"15,700","8,400","7,300","6,200","9,400","6,300",17.6
South West WA,WA,Accommodation and Food Services,"6,400","2,100","4,300","1,600","4,800","1,300",7.2
South West WA,WA,"Transport, Postal and Warehousing","2,300","1,600",600,"1,800",500,"-1,100",2.6
South West WA,WA,Information Media and Telecommunications,"1,600","1,200",400,900,700,900,1.8
South West WA,WA,Financial and Insurance Services,"1,200",700,400,600,600,-100,1.3
South West WA,WA,"Rental, Hiring and Real Estate Services","1,500","1,200",300,700,800,0,1.7
South West WA,WA,"Professional, Scientific and Technical Services","2,700","1,200","1,500","1,200","1,500",-700,3.0
South West WA,WA,Administrative and Support Services,"1,900",900,900,"1,000",900,"-1,000",2.1
South West WA,WA,Public Administration and Safety,"3,900","2,700","1,200","1,700","2,200","1,000",4.4
South West WA,WA,Education and Training,"5,200","3,000","2,200","1,100","4,100","-1,300",5.8
South West WA,WA,Health Care and Social Assistance,"9,300","3,700","5,600",800,"8,500","1,500",10.4
South West WA,WA,Arts and Recreation Services,"1,000",400,700,200,800,0,1.1
South West WA,WA,Other Services,"2,500","1,700",800,"2,000",500,"-1,400",2.8
Hobart and Southern Tasmania,TAS,"Agriculture, Forestry and Fishing","5,200","3,700","1,600","3,700","1,600","1,300",4.3
Hobart and Southern Tasmania,TAS,Mining,400,300,0,400,0,-300,0.3
Hobart and Southern Tasmania,TAS,Manufacturing,"6,800","5,200","1,700","4,900","1,900",-700,5.6
Hobart and Southern Tasmania,TAS,"Electricity, Gas, Water and Waste Services","2,300","2,200",100,"1,600",700,-200,1.9
Hobart and Southern Tasmania,TAS,Construction,"10,800","9,500","1,300","10,000",800,"1,000",8.9
Hobart and Southern Tasmania,TAS,Wholesale Trade,"2,600","2,000",500,"1,800",800,-800,2.2
Hobart and Southern Tasmania,TAS,Retail Trade,"12,800","6,200","6,500","6,100","6,700",-200,10.6
Hobart and Southern Tasmania,TAS,Accommodation and Food Services,"9,900","4,000","5,900","4,400","5,500",-400,8.2
Hobart and Southern Tasmania,TAS,"Transport, Postal and Warehousing","5,000","3,900","1,000","3,500","1,500","1,100",4.1
Hobart and Southern Tasmania,TAS,Information Media and Telecommunications,"2,400","2,000",300,"1,800",600,-400,2.0
Hobart and Southern Tasmania,TAS,Financial and Insurance Services,"3,100","2,300",800,"1,600","1,500",0,2.6
Hobart and Southern Tasmania,TAS,"Rental, Hiring and Real Estate Services","1,700","1,100",600,900,800,-200,1.4
Hobart and Southern Tasmania,TAS,"Professional, Scientific and Technical Services","7,000","5,200","1,800","4,100","2,900",0,5.8
Hobart and Southern Tasmania,TAS,Administrative and Support Services,"3,700","1,600","2,000","1,700","2,000",700,3.1
Hobart and Southern Tasmania,TAS,Public Administration and Safety,"11,800","9,200","2,700","5,800","6,100","-2,400",9.8
Hobart and Southern Tasmania,TAS,Education and Training,"10,400","6,600","3,800","3,700","6,800",300,8.6
Hobart and Southern Tasmania,TAS,Health Care and Social Assistance,"16,800","8,400","8,400","4,400","12,400","1,200",13.9
Hobart and Southern Tasmania,TAS,Arts and Recreation Services,"3,300","1,600","1,700","1,500","1,900",100,2.7
Hobart and Southern Tasmania,TAS,Other Services,"4,700","2,800","1,800","2,500","2,200",-300,3.9
North and North Western Tasmania,TAS,"Agriculture, Forestry and Fishing","7,600","5,600","2,000","5,500","2,100","-2,200",6.5
North and North Western Tasmania,TAS,Mining,"2,200","2,100",100,"2,000",100,"-1,100",1.9
North and North Western Tasmania,TAS,Manufacturing,"11,200","9,000","2,200","8,800","2,400","1,000",9.5
North and North Western Tasmania,TAS,"Electricity, Gas, Water and Waste Services","1,800","1,600",200,"1,500",300,0,1.5
North and North Western Tasmania,TAS,Construction,"10,000","8,800","1,200","8,800","1,100","-1,500",8.5
North and North Western Tasmania,TAS,Wholesale Trade,"3,700","3,000",700,"3,000",700,-300,3.1
North and North Western Tasmania,TAS,Retail Trade,"13,300","6,200","7,100","6,200","7,100",-400,11.3
North and North Western Tasmania,TAS,Accommodation and Food Services,"10,400","3,600","6,800","3,100","7,300","1,900",8.8
North and North Western Tasmania,TAS,"Transport, Postal and Warehousing","5,300","3,800","1,600","4,500",900,-600,4.5
North and North Western Tasmania,TAS,Information Media and Telecommunications,"1,000",700,400,500,500,-200,0.9
North and North Western Tasmania,TAS,Financial and Insurance Services,"2,300","1,600",700,900,"1,400",-700,2.0
North and North Western Tasmania,TAS,"Rental, Hiring and Real Estate Services","2,000","1,500",500,900,"1,100",900,1.7
North and North Western Tasmania,TAS,"Professional, Scientific and Technical Services","5,300","4,000","1,200","2,900","2,400","1,600",4.5
North and North Western Tasmania,TAS,Administrative and Support Services,"3,300","1,500","1,800","1,300","2,000",0,2.8
North and North Western Tasmania,TAS,Public Administration and Safety,"5,900","4,300","1,600","3,300","2,600","1,600",5.0
North and North Western Tasmania,TAS,Education and Training,"10,000","5,900","4,100","2,800","7,200",100,8.5
North and North Western Tasmania,TAS,Health Care and Social Assistance,"16,800","8,000","8,800","3,600","13,200","1,400",14.3
North and North Western Tasmania,TAS,Arts and Recreation Services,"1,700",900,800,"1,000",700,200,1.4
North and North Western Tasmania,TAS,Other Services,"3,800","2,500","1,300","2,300","1,500",700,3.2
Darwin,NT,"Agriculture, Forestry and Fishing","1,300","1,100",200,"1,000",300,700,1.6
Darwin,NT,Mining,"2,700","2,600",0,"2,400",200,600,3.3
Darwin,NT,Manufacturing,"2,400","2,200",300,"2,000",400,200,2.9
Darwin,NT,"Electricity, Gas, Water and Waste Services","1,900","1,800",100,"1,300",600,700,2.3
Darwin,NT,Construction,"9,800","8,900","1,000","8,500","1,300","1,400",12.0
Darwin,NT,Wholesale Trade,"2,000","1,800",200,"1,400",600,0,2.4
Darwin,NT,Retail Trade,"7,700","4,600","3,100","3,500","4,200",600,9.4
Darwin,NT,Accommodation and Food Services,"6,200","2,900","3,300","3,100","3,100","1,500",7.6
Darwin,NT,"Transport, Postal and Warehousing","4,000","3,600",400,"3,200",800,-300,4.9
Darwin,NT,Information Media and Telecommunications,800,700,100,500,300,-200,1.0
Darwin,NT,Financial and Insurance Services,"1,200","1,000",200,400,800,-400,1.5
Darwin,NT,"Rental, Hiring and Real Estate Services","2,000","1,700",300,800,"1,200",400,2.4
Darwin,NT,"Professional, Scientific and Technical Services","5,500","4,700",800,"2,900","2,600",800,6.7
Darwin,NT,Administrative and Support Services,"2,400","1,400","1,000","1,000","1,300",-100,2.9
Darwin,NT,Public Administration and Safety,"11,700","10,800","1,000","4,800","6,900","1,600",14.3
Darwin,NT,Education and Training,"6,300","4,900","1,400","1,800","4,600",400,7.7
Darwin,NT,Health Care and Social Assistance,"8,600","6,300","2,300","2,000","6,600","1,700",10.5
Darwin,NT,Arts and Recreation Services,"2,000","1,300",700,900,"1,100",-400,2.4
Darwin,NT,Other Services,"3,200","2,600",600,"1,800","1,400",500,3.9
Australia,,"Agriculture, Forestry and Fishing","309,800","228,100","81,700","217,700","92,100","-6,200",2.6
Australia,,Mining,"228,500","218,300","10,200","194,100","34,400","-2,800",1.9
Australia,,Manufacturing,"900,400","752,800","147,700","648,000","252,500","-41,100",7.5
Australia,,"Electricity, Gas, Water and Waste Services","136,200","125,700","10,500","104,100","32,000","-12,700",1.1
Australia,,Construction,"1,074,300","907,800","166,500","945,300","129,000","59,000",9.0
Australia,,Wholesale Trade,"372,000","299,600","72,400","252,400","119,600","-33,200",3.1
Australia,,Retail Trade,"1,228,000","613,800","614,200","548,000","680,000","33,700",10.3
Australia,,Accommodation and Food Services,"849,900","339,100","510,800","391,400","458,500","95,800",7.1
Australia,,"Transport, Postal and Warehousing","611,000","477,700","133,300","474,600","136,400","42,900",5.1
Australia,,Information Media and Telecommunications,"204,500","163,100","41,400","127,700","76,800","-4,500",1.7
Australia,,Financial and Insurance Services,"431,900","354,800","77,100","215,000","216,900","9,900",3.6
Australia,,"Rental, Hiring and Real Estate Services","209,100","158,300","50,800","100,400","108,700","7,100",1.7
Australia,,"Professional, Scientific and Technical Services","1,009,200","781,300","227,800","599,400","409,800","151,500",8.4
Australia,,Administrative and Support Services,"435,000","249,400","185,600","213,800","221,200","39,400",3.6
Australia,,Public Administration and Safety,"789,500","633,200","156,400","392,800","396,700","64,100",6.6
Australia,,Education and Training,"957,300","580,300","377,000","279,500","677,900","108,900",8.0
Australia,,Health Care and Social Assistance,"1,525,900","842,100","683,800","335,200","1,190,700","216,400",12.7
Australia,,Arts and Recreation Services,"219,900","117,800","102,100","114,100","105,800","14,200",1.8
Australia,,Other Services,"482,700","325,400","157,300","263,800","218,900","32,000",4.0